attr0,attr1,attr2,attr3,attr4,attr5,cls
1.04869205666,-9.02205484785,0.299158870206,0.32538091921,10.228050713,-7.29088716422,1
-1.41248145788,-8.19107658705,0.253066705161,0.174846477177,6.56672291049,-5.43706671135,1
-0.958376876066,-10.9687094922,0.44377228698,0.806961247817,9.86657608475,-7.74734368114,1
-6.0479579444,3.28996284056,0.483880666552,0.212716090495,-10.2451144766,5.49145110262,0
0.0575149723077,-10.9981719499,0.53986845009,0.22162544355,11.064314168,-8.27738644855,1
2.35414399986,-10.8837618886,0.921580398139,0.34429023176,13.5910274884,-9.33989341637,1
-6.21420867459,3.17462712701,0.474399356925,0.19985396847,-10.3209671028,5.48807468255,0
-0.674748460194,-7.92153094889,0.680108435563,0.359237404033,7.14557021967,-5.60377398157,1
-4.26989242044,-0.43201004514,0.465719713001,0.612769476881,-4.47836623837,1.81093867637,0
0.75705569484,-13.2659821026,0.217806971201,0.870745462113,14.1365961516,-10.3280144243,1
-5.53127859316,-0.799509572681,0.457280461155,0.391003806884,-5.56146080946,2.16600711707,0
-5.79185356656,0.131658794355,0.780138552372,0.568623487266,-6.7922903959,2.99467087905,0
0.98391222953,-5.60549496968,0.268055834385,0.630081704816,6.73699403364,-4.69607734202,1
-4.1286325831,0.423316350952,0.559461237122,0.328094261714,-5.17124382151,2.38180355476,0
-5.06448735881,2.3540523961,0.832157809439,0.48071646892,-8.17821285873,4.29778297648,0
-8.07404422377,1.47679807048,0.152243117601,0.372042379163,-10.7619489278,5.14462066475,0
-4.0801128935,2.08827874873,0.965236820894,0.839307867441,-6.78040857626,3.6062655083,0
-5.73949731746,-1.77136973953,0.0427135862684,0.545833594061,-4.82905217555,1.54122135408,0
2.89487325033,-9.43728892429,0.383115867768,0.571342586215,12.7663931622,-8.52540331838,1
1.28229675842,-7.13199107121,0.956159013568,0.494287147168,8.6066323434,-5.99014168262,1
0.0865030362502,-11.4952655077,0.579448089154,0.892635981206,11.5947439994,-8.66470064892,1
2.38849089253,-10.9619900599,0.733251482875,0.868073635138,13.7087545863,-9.41573799118,1
0.47691519209,-10.0887835615,0.658793412642,0.244749587843,10.6372360324,-7.8050452672,1
3.56528056299,-8.0249427069,0.855264241906,0.836610747291,12.1250153543,-7.80134731167,1
1.01861516318,-6.04806364146,0.323905649303,0.728111234996,7.21947107911,-5.04535531268,1
0.846983567448,-9.87320027618,0.38953459466,0.580537568826,10.8472313787,-7.82839199086,1
-4.16591481307,-2.08334106812,0.664571041585,0.939302879776,-2.70746096691,0.520451605443,0
-5.51996243635,-2.22849019485,0.264672888098,0.633440508433,-4.11946660696,1.08861357204,0
4.40398984885,-8.26698146453,0.377748427085,0.125294459227,13.3315697907,-8.40223102282,1
-4.41481026308,0.148404448136,0.724024420443,0.567617908103,-5.22543625067,2.31870846764,0
-6.17770158705,-0.9672142477,0.929760855865,0.851856966868,-6.13714257741,2.36344010775,0
-4.85083926945,-0.712732375028,0.957616211916,0.353428287406,-4.86573278484,1.89087035345,0
1.39538414678,-9.69116706116,0.088623462078,0.814688742215,11.2958588299,-7.96606736926,1
-6.57467704704,2.33563314672,0.87797590915,0.876495058172,-9.89651175081,5.03906338356,0
4.12453515197,-9.7126940836,0.290887974606,0.787321436465,14.4559095084,-9.34678813868,1
0.0548864955479,-11.7206468915,0.969404191243,0.139482479709,11.7837663614,-8.81792841643,1
-0.136533545765,-9.98634298921,0.242767255342,0.137459953158,9.82932941158,-7.42149046903,1
0.0686550398108,-8.63396481667,0.571345568102,0.825249242223,8.71291811246,-6.50980113241,1
-5.63663552892,-0.107199783505,0.270944866586,0.63708427525,-6.37493107475,2.73791792683,0
-5.75259114105,-0.00784191567273,0.419004319816,0.463432351599,-6.60763789653,2.87041413377,0
1.01628090989,-12.4601074822,0.719223828312,0.885032203966,13.6288305286,-9.8532210666,1
-4.1204718752,-0.163667000417,0.597536237165,0.954291232412,-4.57487565606,1.93748568729,0
-1.45493626437,-8.07985429047,0.271693819299,0.162792471978,6.40667758644,-5.33242258567,1
-0.514470979243,-7.52723312133,0.436306101396,0.981664240092,6.9355914952,-5.38818935138,1
1.75705280616,-8.93412848585,0.984559794985,0.479432039565,10.9547392129,-7.57912276746,1
-1.60493863895,-10.5579463178,0.845693083689,0.411335115309,8.71226688297,-7.11599041884,1
-8.75928625683,-1.42425312576,0.924884027727,0.827059201139,-8.6489260696,3.3114532841,0
0.532651529901,-9.41589160238,0.600284348649,0.156385569405,10.0284408618,-7.32824446674,1
-6.04825717092,0.56804339177,0.0412413940835,0.172075571716,-7.52353913833,3.45016112929,0
-5.94418629776,1.03287459776,0.844686292606,0.0215428462306,-7.86868884019,3.7467490972,0
0.247867177287,-7.63470504038,0.21089471769,0.363130463969,7.91975229426,-5.84996236893,1
0.375743834341,-8.61965541163,0.420213024715,0.0611823057941,9.05176082112,-6.65261347589,1
-6.94573515518,-0.19175005885,0.526838906759,0.7511061274,-7.79584536961,3.32905503345,0
0.161695147402,-12.4627544159,0.882404398289,0.17524644212,12.6487038354,-9.42791338562,1
-0.145068316378,-7.50990032912,0.566700490333,0.296282272204,7.34307176528,-5.55989108865,1
3.46588225723,-6.96326301341,0.438340518941,0.383402970803,10.9490276092,-6.95538838867,1
0.862763511306,-8.4357229613,0.36467312043,0.134205898408,9.4279009993,-6.75817397663,1
-5.83948787952,1.28561329862,0.806342619874,0.926723216902,-8.00102436007,3.88395391373,0
1.40566390295,-10.6121285225,0.0387378855011,0.500347508033,12.2286420109,-8.66192834338,1
1.21670034461,-9.59346920784,0.928896210249,0.947103531568,10.9926746041,-7.80345207819,1
-0.463076207877,-8.92015389228,0.114692871777,0.822564067651,8.38761625322,-6.45857731527,1
-5.2770103847,-0.865311152194,0.0616210498579,0.911262493881,-5.20325079022,1.98952182821,0
-3.35221623069,-6.52139295341,0.071809039369,0.609908977728,2.66634428811,-3.21493659971,1
-5.55379635927,0.224761292026,0.478871425217,0.725849321089,-6.61162710518,2.94546914865,0
-1.40766674547,-8.99979882473,0.0861770512502,0.693414076932,7.38098206744,-6.04601574582,1
3.17650590255,-10.3423708235,0.617940179378,0.657562448368,13.9953526115,-9.34503106892,1
-4.958159862,2.521169633,0.385858590903,0.862083177865,-8.2230534743,4.36995715575,0
-6.08594079904,2.10611161932,0.638338759148,0.298944617762,-9.10494353822,4.62255411401,0
-4.90091362777,0.678112938618,0.775404533359,0.078362700266,-6.31416361056,2.95904151785,0
4.78847928587,-10.0341452798,0.722351085104,0.840284948926,15.5408964586,-9.91984860279,1
-6.64555159236,2.73239322106,0.977034945523,0.652767529187,-10.3747775523,5.37207071198,0
-5.85746353688,3.32391558131,0.594106499405,0.298905049589,-10.0599986487,5.42166845443,0
-2.46323606517,-11.9265454314,0.540076102856,0.539527750007,9.09382395647,-7.71329104098,1
1.38353293484,-9.4001664981,0.983742695766,0.995385926916,10.9912293732,-7.741891341,1
-4.98557540824,2.95379871839,0.143555357888,0.940183861784,-8.68721043787,4.70813674291,0
-4.52912948133,1.5966881284,0.730223009539,0.733397615584,-6.80518703194,3.46208083697,0
0.672747423255,-10.4965235847,0.857745147303,0.976134108163,11.2701831214,-8.20876640014,1
-5.86451254951,0.329166239941,0.224984654796,0.79346946321,-7.07335567187,3.17913095471,0
-3.83925793331,-2.14739688433,0.924552108084,0.772134132338,-2.26774973898,0.30908130341,0
0.180534998848,-9.64298101714,0.514889661333,0.496344037266,9.85059626581,-7.32250326228,1
-2.43504109987,-12.0446512806,0.684767091258,0.746558642401,9.24435401571,-7.81596791049,1
-7.54244736007,-0.22915348103,0.193906123895,0.00406471068253,-8.44466098305,3.59935856926,0
-5.37386902282,0.952474344967,0.967015046382,0.882533325638,-7.13242372121,3.40129027014,0
-4.38512963147,0.0590403686641,0.632579841761,0.902674976188,-5.10193944486,2.23684509224,0
-5.58482312557,-2.20887395087,0.53209689008,0.333665940574,-4.21367264354,1.13575609963,0
1.7181466645,-6.2215984575,0.675745466032,0.18300613235,8.19746712167,-5.52527217538,1
-6.05770668519,2.39365067924,0.511223052867,0.34451468705,-9.3600133672,4.82409135202,0
-6.87065779248,0.764618497674,0.756240467862,0.420033034845,-8.66587495902,4.00879276949,0
-0.967357302408,-10.4904196467,0.867131307419,0.873991808896,9.37795874892,-7.38413608381,1
-5.14019584934,-0.206138478873,0.915031982963,0.70809745886,-5.70508674787,2.41549406552,0
-5.96190113299,-0.0299126642234,0.729029923166,0.108377050672,-6.82627363872,2.95851606833,0
-5.38006245947,2.31585181056,0.691525947647,0.275202771781,-8.50292363895,4.42692008766,0
-7.08152117013,1.83355003735,0.400649394711,0.405250299194,-9.977299383,4.91592311308,0
-4.1567095074,0.315127209423,0.143347722806,0.158175752747,-5.09534314293,2.31470016077,0
-0.023821670359,-9.31747946113,0.175473483543,0.981963697537,9.29008454022,-6.97619876067,1
-5.46055160316,-0.672728979651,0.855855150565,0.844761515608,-5.60690536398,2.22572906684,0
-4.6693717303,-1.07758825008,0.0355090395462,0.500129309871,-4.29218923977,1.52649467759,0
-6.27809132606,-3.7647394901,0.692421201418,0.701773801753,-3.45506553487,0.315491045458,0
3.60762274692,-6.93880158099,0.382190490321,0.24107306541,11.0875677399,-7.0079125592,1
-4.72955674496,2.77781848068,0.330611422872,0.471056672958,-8.21680873738,4.44814223299,0
-3.71309602437,0.194372237439,0.322060109441,0.688403781028,-4.46443266546,2.00232719026,0
4.06650698077,-10.3019378834,0.182285127692,0.391507013884,14.9784209113,-9.75970690292,1
-1.42008595079,-9.57009624546,0.629106155876,0.770573604122,7.93699740206,-6.4675292087,1
-7.7861825213,1.06437540635,0.0499961892397,0.416976383668,-10.0184853058,4.69137281541,0
0.665910841744,-9.85039862071,0.636055883057,0.591470592255,10.6161960887,-7.7207543864,1
-5.53944191119,-0.423673266352,0.758052032369,0.945690478298,-5.94668493151,2.45196600583,0
0.349566265649,-10.9951620412,0.332750320065,0.368043506977,11.3971632467,-8.42115466373,1
-4.0392651769,-0.374648349559,0.411170288982,0.195211573837,-4.27050660388,1.73864632628,0
-4.75530508989,1.52392642515,0.290192290111,0.42712571952,-6.99252727852,3.52059736381,0
-1.01579254639,-8.021270079,0.351359716258,0.965999990188,6.85310865065,-5.50805628606,1
1.88402997353,-7.81980261368,0.564043433468,0.943264192355,9.98643708325,-6.80686694703,1
-6.33460456769,-1.30861638454,0.989666058473,0.232490278697,-5.97617886831,2.18583999544,0
-4.23701025061,1.52882658283,0.156473009237,0.197031401711,-6.40138837103,3.26512506243,0
0.681287174881,-9.98915170621,0.44916519295,0.252438810062,10.7726319573,-7.83250736709,1
2.94650052132,-8.85540799335,0.500301748208,0.95805124298,12.2438835929,-8.11480625567,1
-4.7702724902,-1.10936620275,0.127450060731,0.326697081816,-4.37644716098,1.55311159304,0
-5.01050167059,-1.0191765895,0.988234783658,0.889752886996,-4.74290033169,1.74086839317,0
-5.95905440755,-0.534395376375,0.535463450856,0.632478997788,-6.31851719231,2.5787306715,0
0.929091571933,-11.3230366196,0.914831378079,0.887671903559,12.3914919273,-8.95682325067,1
3.80915534085,-9.63002155583,0.854095954745,0.121698001779,14.0105501978,-9.1270938373,1
0.832420006686,-6.54454258755,0.613688604123,0.458553508184,7.50182559524,-5.32461694401,1
-4.46084193259,0.65907679969,0.0987180373555,0.9504317652,-5.78904502217,2.72472856606,0
2.22836710502,-10.1211187517,0.224103710411,0.80700700121,12.6837409225,-8.70502261627,1
4.13432407709,-9.62971021099,0.109646057609,0.113990299572,14.3841828996,-9.28944469679,1
-5.95182889842,-0.98179191115,0.345217983584,0.384283926958,-5.86281132204,2.23957051585,0
-0.31504576626,-8.14929988847,0.505342829663,0.673549430555,7.78699725727,-5.95445203322,1
-6.53882168174,0.760483593424,0.644605238719,0.118914155344,-8.28012852743,3.83977353594,0
-7.18270094836,0.0506552918698,0.57625192353,0.770576437843,-8.31076138249,3.62934194308,0
-0.217315792511,-10.0062374978,0.219660946037,0.576986882761,9.75632433644,-7.39602022711,1
-7.51016249428,1.78901495231,0.637493333365,0.184273187945,-10.4257018207,5.09684246137,0
-6.68163586421,-2.15295018199,0.748468005792,0.656777823406,-5.53093106185,1.72610529561,0
0.0409002997659,-6.09378086519,0.76845197871,0.11227945634,6.14081620992,-4.59078579877,1
0.636038246598,-10.4456944599,0.231506045281,0.340608308088,11.1771384434,-8.15228996819,1
-5.05960537993,0.895294033859,0.480672924291,0.387938131595,-6.71384022078,3.20127321536,0
-4.45226545655,0.305966559084,0.447906435272,0.984428903347,-5.42607183412,2.45560764759,0
0.803804680122,-8.1301057506,0.325174634564,0.21852720697,9.05448113274,-6.49948165301,1
-0.345011112264,-7.954486424,0.615758780244,0.647539020193,7.5577236449,-5.79335926187,1
-4.46023128186,1.45121522233,0.143786931924,0.0618998488466,-6.58048119647,3.31852705768,0
0.557042397804,-8.63853625753,0.577784748169,0.778296077561,9.279135015,-6.75742339205,1
-3.95948433121,0.0439092414545,0.633249307309,0.187532626203,-4.59731622234,2.01267409669,0
-4.56157488412,1.2978970413,0.384533805644,0.218261843004,-6.54370815804,3.25421022303,0
-3.14360841141,2.11575671583,0.469200427649,0.391640490258,-5.73090638896,3.15862174258,0
1.36532294732,-10.908894918,0.69201349194,0.54932002548,12.4790163074,-8.86433266217,1
-6.2547055834,2.03613810872,0.965500408288,0.58499898379,-9.22904952963,4.65445637324,0
-5.2887657797,-0.535926649795,0.54480479692,0.246110736731,-5.54615399686,2.2424379025,0
-6.37569484985,-3.86678756103,0.819815289902,0.530783207632,-3.4652615163,0.28775675415,0
-3.98744888032,0.0244979880059,0.336895941386,0.613547914101,-4.61006420038,2.01209793117,0
1.2555201232,-9.86295861966,0.127417123846,0.514518000442,11.3068067613,-8.02497902634,1
1.68789172394,-8.34759247893,0.493513353476,0.25220745072,10.2886679615,-7.10464022117,1
-0.14432214461,-10.1835464433,0.482718521696,0.880474855932,10.017575977,-7.56549876019,1
2.81227350825,-5.97046069095,0.159431772549,0.148623178778,9.20457522543,-5.88398227234,1
1.62909834934,-10.8351707954,0.172152571285,0.8786361808,12.7086338971,-8.94092727122,1
-5.66731451645,-0.290844933178,0.034726497913,0.53171659558,-6.22656676074,2.61552355834,0
-0.976316053259,-10.71188021,0.176676191691,0.100512856891,9.58911674873,-7.54575213086,1
-5.21806667174,-0.383398418556,0.138706190377,0.824218821901,-5.61737825395,2.32148452195,0
-8.91498990241,-1.04538322153,0.723351755999,0.751175053191,-9.20685516624,3.67345753505,0
-1.9371389026,-13.1505000491,0.000353377915042,0.566051713338,10.9227903111,-8.8943055855,1
0.267119957888,-10.9336073816,0.000675072992709,0.9974439046,11.2407953332,-8.33376551516,1
0.259136344325,-8.82513101037,0.850755327303,0.456763335531,9.12313780634,-6.74841642994,1
-5.65278980641,-0.0403427381216,0.270176488943,0.064200814455,-6.46036553925,2.79613784961,0
0.415826602174,-10.3799467311,0.751137751483,0.67698113967,10.8581473236,-7.99287334939,1
0.187922691195,-7.34616197346,0.947096000063,0.785827794147,7.56227306834,-5.60358282569,1
2.68489066259,-6.66400345253,0.265242238597,0.71627653,9.75162771452,-6.3404479207,1
-6.17478708107,2.04140492275,0.714183003954,0.605330751944,-9.14241006598,4.6184472326,0
-4.37454049903,1.02782720206,0.0335156535712,0.246422358692,-6.05854877594,2.95814065106,0
2.87214938327,-11.7215715893,0.778048176599,0.187685048097,15.0245433801,-10.2272533836,1
-4.35739371264,2.67841678535,0.588931542898,0.888380161895,-7.68941955488,4.18750944533,0
-6.91440747515,2.46782904966,0.367625408193,0.0738465133384,-10.4193976461,5.30807552481,0
-5.08730372291,0.180313940889,0.217898403107,0.104622263064,-6.03071322224,2.67888731712,0
-3.65737326991,-1.44129038853,0.570007815814,0.630455423152,-2.76468887187,0.747718843559,0
-6.79010271212,0.976628633089,0.515317055075,0.635034280806,-8.78524675203,4.12752283088,0
-1.65069806639,-9.63176441213,0.41754221723,0.722443647022,7.73346163578,-6.3984742759,1
0.837010543227,-9.42061316431,0.557738070202,0.411472376171,10.383175289,-7.48396514485,1
3.34763943683,-10.8276279519,0.759362523249,0.106156574335,14.6774133042,-9.79454068233,1
2.47832889909,-11.6283443592,0.382162301829,0.450211470536,14.4784225931,-9.96042271894,1
1.85757585417,-9.55071594892,0.86915757069,0.899579276472,11.6869281812,-8.09182488878,1
2.29146751518,-8.11826005144,0.442693341631,0.381079101254,10.7534476939,-7.23442879617,1
0.394791162876,-9.16677725196,0.769314808625,0.989768616148,9.62078708927,-7.07247852041,1
-5.47225092751,-0.103878584746,0.192538675522,0.66985142397,-6.18920998189,2.6582165252,0
-4.85437566954,-1.51240808237,0.626644155018,0.885837003155,-4.0701239376,1.29288177299,0
-6.1429090415,-1.39457112833,0.130693789738,0.986889240884,-5.6697742694,2.0255261745,0
-5.18387209048,-1.15500124695,0.186466855703,0.673507134438,-4.8064516571,1.72568511003,0
2.69276165831,-9.08445416238,0.641028793996,0.0211617216229,12.1811300694,-8.15972145094,1
-5.32389954852,-0.0444050405874,0.852517462467,0.94241241925,-6.07807944021,2.62864599382,0
2.66976252377,-7.62657344076,0.166876357103,0.419150129118,10.6968003431,-7.05481134245,1
-6.99184116545,0.947380689846,0.107701351286,0.192293201981,-8.98799803012,4.20645610011,0
-4.76021726631,2.13253634605,0.0828358607113,0.395172871889,-7.6067862023,3.97951089269,0
2.41541551279,-9.09990946666,0.41106694932,0.783160445177,11.8776373064,-8.03263985639,1
-6.7145240699,0.641382173661,0.355265330404,0.871502626845,-8.36308485405,3.8382986652,0
0.728397507799,-7.7892277173,0.139767270754,0.0371733951075,8.62688485127,-6.20611954187,1
3.62019976297,-8.72821651991,0.735527164502,0.151047673911,12.8914462473,-8.35626227142,1
-5.11966620872,2.88165860695,0.580749742821,0.556448771053,-8.76927474698,4.72107705957,0
-6.49195224552,-0.7998380805,0.646788612538,0.692858896622,-6.66590700185,2.64609756239,0
-4.87149659301,1.17076150039,0.521447709377,0.884000335826,-6.77298258235,3.3138194218,0
-6.54736203446,0.827892683817,0.110170659511,0.767115032284,-8.35735902344,3.89460053009,0
0.759866602785,-8.49759327111,0.672487844533,0.673363821814,9.37143986431,-6.75312825473,1
0.493266638778,-8.29449734146,0.761136915978,0.508229723745,8.86175397605,-6.46750632548,1
-2.15523179956,-9.71263271279,0.0127222803432,0.598302980653,7.23411614329,-6.20685863481,1
-0.360036432047,-8.04624976793,0.360919263985,0.544094146138,7.63220787107,-5.85466910992,1
-1.06219592091,-5.96290882344,0.733377764176,0.029769095241,4.74138351439,-3.94108365712,1
2.78973276632,-8.43433175537,0.565945940822,0.787209206258,11.6425244366,-7.72061519969,1
0.683973453254,-9.54825934969,0.300404532019,0.179640121517,10.3348288209,-7.50318123889,1
-4.78065493472,-0.593103742028,0.57162759704,0.174588269975,-4.9046494329,1.94549966084,0
-4.84684152082,3.20045602835,0.956202735302,0.532707530219,-8.7743237773,4.82376278168,0
-4.79361454907,1.69515715313,0.897904803014,0.177100133304,-7.20781388456,3.66817513938,0
-1.2156811562,-8.46518854968,0.542250826221,0.287397900033,7.06715522005,-5.74105083416,1
0.633725725468,-8.59980808835,0.111735275047,0.842245322296,9.32859267263,-6.76671892899,1
-0.169120833575,-7.12243503317,0.130792874566,0.773543556226,6.92794607456,-5.25726585809,1
0.928034250459,-9.01405032498,0.33335346575,0.642384978856,10.081289713,-7.22455486897,1
1.10110596544,-12.0528407517,0.710198051435,0.414171145205,13.319112612,-9.5901835465,1
-1.04404862229,-11.7203916486,0.506763169208,0.613861377799,10.519735733,-8.26826942531,1
-5.01491918676,2.06651777995,0.200432197847,0.340680305568,-7.83367484472,4.05734792834,0
-7.5414402671,1.33282668568,0.52333915538,0.255969633453,-10.0054829929,4.77034014781,0
-6.8561546985,0.766444749412,0.33636369006,0.147155687899,-8.65102265269,4.00291091131,0
1.330942342,-8.77229628778,0.912705407649,0.737437859889,10.3028799811,-7.24469338683,1
3.22476032134,-8.29208236598,0.395588751534,0.385349675416,12.0005567355,-7.83144193516,1
3.55751283714,-8.61863912293,0.981413349617,0.9048905801,12.7097788856,-8.24273576077,1
0.407378251942,-10.5643667202,0.225709445034,0.07153142441,11.0328517099,-8.12696416613,1
-6.66971502055,0.374110228291,0.460053370107,0.207948551056,-8.04428250192,3.61544018149,0
-6.68254783202,-0.617030725988,0.911931188509,0.56151621864,-7.06789928084,2.87850087152,0
-3.68382732496,0.796297958386,0.690471650789,0.456636694532,-5.03269938209,2.43913713127,0
-3.20394593749,1.26590844567,0.71783785826,0.645469707637,-4.95044627379,2.551404303,0
1.48329805949,-9.29273585607,0.374966127092,0.119632872433,10.9985286245,-7.7112009218,1
2.08461298211,-9.38757266045,0.327876754862,0.159406359813,11.7848775899,-8.0829859864,1
-2.47723974538,-0.293092270551,0.195207521527,0.216607583249,-2.55573343664,1.01880066978,0
-3.02211269905,1.21805699262,0.31289158504,0.846337835425,-4.69348659652,2.42459909399,0
-4.82544431613,-0.690484328811,0.733154046051,0.00389086234406,-4.85877663474,1.89485891146,0
-7.75289265794,0.624737354922,0.538330763845,0.335900913399,-9.54056391155,4.34499934516,0
-6.86103242565,0.0336224518395,0.783860100054,0.296442251481,-7.92380974134,3.45573305171,0
2.55991758441,-9.10816276076,0.681525467444,0.352093232754,12.0520679828,-8.11108086277,1
-5.52620132729,0.268674937057,0.737929045957,0.375226436546,-6.62380646344,2.96460686644,0
-3.52425662731,0.344882658614,0.401167063933,0.688995164742,-4.39777778002,2.02079030762,0
-6.35846227416,-0.944727453973,0.495768442508,0.228320383633,-6.36750416131,2.4706855466,0
1.79959258644,-8.32801738654,0.719660393368,0.72073476797,10.3975488609,-7.14580933312,1
-6.98550743807,-0.911780519855,0.489802508537,0.99208635633,-7.12155303392,2.80891832914,0
-7.31453436127,0.235593973942,0.773727628136,0.150706096468,-8.6473084894,3.83396266109,0
-4.94693997871,0.149407212453,0.803709852729,0.0413531100903,-5.83838818797,2.58552539869,0
2.44256366691,-8.831971645,0.324550930282,0.875278055568,11.640919862,-7.84526056721,1
1.53565792704,-7.32193198063,0.567729225359,0.638909363172,9.08793859672,-6.25927794899,1
-6.05979545423,-0.940619992373,0.987429649117,0.419846557832,-6.02814477999,2.32443273283,0
1.14538058583,-11.0549579917,0.51680942737,0.0765002313862,12.3721456654,-8.86390878668,1
0.194282767576,-11.7955715161,0.154070069381,0.334667273696,12.0189966988,-8.94382002088,1
-0.158908875961,-7.57646363166,0.653116190398,0.828454596171,7.3937184243,-5.60289328576,1
-1.22426113616,-10.3364832589,0.0948343724446,0.821298079536,8.92858295227,-7.14023187606,1
1.28011744906,-10.533822035,0.0721322402216,0.562041574562,12.0059571014,-8.54042525079,1
-5.58016381623,0.616498632344,0.899608890891,0.428433110203,-7.03368702101,3.25245588237,0
-0.0671714081361,-8.81924130731,0.192366421151,0.0181244795528,8.74199418795,-6.58084527641,1
0.483426026261,-8.04596844417,0.141316889684,0.970439250783,8.60190837437,-6.27618934626,1
0.111478282871,-9.15168945795,0.591902767133,0.63898160473,9.27988948325,-6.9195062349,1
-0.245518765638,-8.78138446703,0.753104563098,0.938989953053,8.49903788654,-6.46327896745,1
1.18681336329,-8.80569233849,0.939486947675,0.4649401111,10.1705277063,-7.19767593551,1
-3.99328957105,1.41605851103,0.0617110518756,0.992699451857,-6.00834151775,3.0586886688,0
-4.29133816961,0.0332313379153,0.478009418959,0.537399390423,-4.96827023297,2.17059258824,0
-3.4587198735,1.98745143758,0.807179592478,0.513551261763,-5.96497929211,3.21994851494,0
-0.0971317512787,-6.64513196049,0.176258158607,0.763722180215,6.53343044652,-4.93528309473,1
-4.0031466199,0.326796307659,0.0758105594408,0.325471131715,-4.93041492055,2.24667054069,0
-6.27931663284,-0.36360907589,0.662539334761,0.631437997434,-6.85760505188,2.8669515095,0
-1.05440556436,-7.82031392124,0.587955864242,0.0671348396364,6.60774752223,-5.33803265875,1
2.2730392002,-7.89709599212,0.0339412472133,0.432721760327,10.5110910724,-7.05934159419,1
3.00837956965,-8.69682356316,0.737650762968,0.867795523702,12.1564600683,-8.02680745719,1
-3.43086040861,1.13869786383,0.977121724857,0.909499941298,-5.08418733374,2.56945360218,0
0.311046092066,-5.57612836205,0.745687302482,0.971889242951,5.93383136793,-4.33761931757,1
-7.1544168586,4.31088167208,0.644613591924,0.103065319601,-12.5384610595,6.81036968336,0
0.556511543582,-5.75231869162,0.916489503538,0.788350847902,6.39230696673,-4.5924947905,1
1.09818327194,-7.07258583554,0.252512710307,0.785265439597,8.33549659827,-5.85353101263,1
-2.82587912529,-0.768684790977,0.448565645894,0.583979083154,-2.48107620311,0.836425969412,0
-5.32301477065,1.59453673402,0.826825624574,0.91826642308,-7.71600372027,3.85740993584,0
-1.30761079794,-10.8441653216,0.670685278607,0.993736084955,9.34041290399,-7.47931859225,1
-6.66947312023,1.20331719117,0.652907412798,0.876530921455,-8.87321127943,4.23722445349,0
-0.372908654138,-9.01774848588,0.497638704116,0.933140737802,8.58890353362,-6.57685703734,1
-0.118370162961,-9.55062801839,0.649186470147,0.377672449475,9.41450233099,-7.10378593231,1
-5.3817847532,-2.66796127088,0.150370244943,0.959377013453,-3.52109119529,0.689921423437,0
2.84107317348,-10.2878483645,0.83480109973,0.413871580302,13.555082514,-9.1364228601,1
1.50538263648,-5.88848709888,0.978131180278,0.235838357377,7.61967713082,-5.16905664239,1
0.863581435633,-7.6796318838,0.204210620285,0.318886387684,8.67275053478,-6.19151463067,1
-1.36165751592,-10.9248119695,0.837532974441,0.0183298403096,9.35890582618,-7.51278021916,1
1.03427578469,-9.92320981132,0.192576591339,0.686448366163,11.1126269637,-7.95954525084,1
0.356295944402,-8.35168942039,0.228210527781,0.358526107594,8.76142975645,-6.44191503749,1
-7.38742072679,-0.468786084681,0.648605703448,0.0123422921223,-8.02674775113,3.34212079988,0
0.657992916877,-9.75637069438,0.253848570429,0.375681635267,10.5130625488,-7.64627447922,1
-5.59374255846,-0.738528463606,0.566531334497,0.670615982756,-5.69427547863,2.24297493153,0
-6.42174404064,-0.594122829415,0.509862835379,0.170600430099,-6.79088281732,2.76527989826,0
-2.15139552741,2.68158639461,0.29377113514,0.925355264668,-5.15569125114,3.08688755967,0
-7.02295210296,2.66065753342,0.00627551327669,0.506381267761,-10.7370524518,5.50696920155,0
3.40286363951,-8.40523964542,0.0502452803457,0.63676995004,12.3185328309,-8.00536155382,1
-5.52897743777,-1.22213697557,0.751013558429,0.697370106848,-5.13618707786,1.8478859872,0
4.2268920514,-11.5470264833,0.322042000765,0.328498531258,16.4079523424,-10.7737158882,1
-1.91227409156,-7.22290960573,0.342320139024,0.314101999217,5.02379440044,-4.46104515852,1
1.78799720232,-9.30690006952,0.705385848866,0.480788261304,11.3630968522,-7.8741736533,1
0.518066905771,-11.2963410073,0.722992596339,0.0466982903657,11.8921179489,-8.73128920833,1
0.223798800279,-9.51162907882,0.333358620385,0.106509919408,9.76899769914,-7.24562120925,1
-0.619807241258,-8.21787513094,0.489015317157,0.26473802898,7.5050968035,-5.85350272758,1
1.54929844926,-10.1185871795,0.150853430915,0.486411723542,11.9002803962,-8.36358960926,1
-4.00201704006,0.486693843055,0.470372019785,0.56940552132,-5.08901343913,2.36602890232,0
0.213714302966,-12.1252253583,0.294626844921,0.686989727504,12.3709968067,-9.2007761702,1
3.95713924043,-7.76639626693,0.139935458925,0.425607258798,12.3171063934,-7.80336682042,1
-1.04424966592,-9.34814616545,0.719571144135,0.103155567182,8.14725904965,-6.48898479113,1
-5.34267117909,-0.154773225313,0.515857336665,0.781088137358,-5.98929863064,2.55525567056,0
-4.62567734393,-0.542293045873,0.971653555295,0.543802179647,-4.77723589965,1.90611888756,0
0.2040626813,-8.65496795589,0.680458193445,0.612424206286,8.88964003938,-6.59325730756,1
1.52167095475,-9.79888169927,0.915603405398,0.548164657785,11.5488032972,-8.10999675182,1
-7.35855934535,0.93632793229,0.135411743796,0.357525937803,-9.39867117944,4.38152562189,0
5.09634889793,-7.8367064294,0.169589982377,0.769384606365,13.697507662,-8.42570427101,1
-5.20331536575,1.54835552992,0.770524047305,0.71654734867,-7.53216820053,3.76292433031,0
-5.35291668487,-1.1613561823,0.816394371613,0.772448907054,-4.9944980053,1.80544120571,0
1.70787956863,-7.42599952352,0.729347194018,0.297729868916,9.39006102745,-6.42343942696,1
-6.65472692129,1.96979189982,0.583208009704,0.648570545578,-9.62272785931,4.80470738551,0
-8.90549362532,1.17221112837,0.753895918565,0.499027686541,-11.4135287975,5.33190515893,0
1.25274091842,-7.29698242449,0.118270760068,0.680229672284,8.73763448067,-6.09910727757,1
0.719514572,-9.50423966424,0.932530081086,0.00148684180453,10.331681422,-7.48793703418,1
2.48353500195,-9.40861786847,0.654834485492,0.206703719539,12.2646831207,-8.29823090233,1
-6.94827081466,0.397365648258,0.0349239056075,0.560144588777,-8.38787708512,3.77215964353,0
-3.48161964032,0.237135095369,0.761188983347,0.66731416717,-4.24099768174,1.91866114169,0
0.598554244261,-9.5456045878,0.518591296802,0.140098533347,10.2339419687,-7.45848056298,1
-5.36776677683,-1.03950816913,0.753296240096,0.333174895703,-5.13342362423,1.90425226157,0
-7.6414197553,-3.26669643741,0.121815385641,0.533863159188,-5.52093628119,1.37068754959,0
-1.73812799118,-7.87988926856,0.924944349267,0.9961215226,5.88104207871,-5.04085295583,1
2.31708171985,-11.1705864878,0.615547848018,0.296220881698,13.8352304656,-9.53648072578,1
-0.268866318511,-8.20076516821,0.785742140155,0.919124854483,7.89156890192,-6.0161407169,1
0.216290066741,-9.77478518291,0.745988885755,0.753190265251,10.0235187597,-7.43923392055,1
0.696085341001,-9.97898393377,0.989428713652,0.728759818952,10.7794820759,-7.83228062083,1
-0.258607924537,-8.90644496567,0.60963021263,0.460001605161,8.60904585245,-6.55052976198,1
-3.33146338131,-9.14100784951,0.421345593487,0.891747239054,5.309824961,-5.19002419648,1
3.04326083839,-6.23293012447,0.53181437793,0.269936248533,9.73268008862,-6.19632801255,1
-5.58891828106,1.14894281791,0.0613120162037,0.493518093727,-7.57619884114,3.65616625397,0
2.34181434091,-7.06765381507,0.608582952834,0.813320508961,9.76074030712,-6.47164753176,1
-5.01621082832,1.5336749605,0.332945688131,0.891832015181,-7.30231741306,3.65836163453,0
-4.75305777089,2.95555335095,0.530488483618,0.0728425948045,-8.42156978747,4.59319389866,0
-0.25841421283,-8.56157299275,0.914230409524,0.846072939213,8.26439664799,-6.29197263814,1
1.6621990411,-9.16175992391,0.418283913376,0.506112978869,11.0732888212,-7.70241946348,1
0.4764476605,-8.11332930205,0.328252955646,0.905437648986,8.66124411163,-6.32322080679,1
-7.73080940956,0.560100962858,0.688269193443,0.115066424948,-9.45053178386,4.28548042693,0
-4.9324609046,0.271210717819,0.313701172824,0.918556369323,-5.9435407581,2.66963849066,0
-4.91527010728,1.40498334238,0.165514394827,0.934581140716,-7.05754396575,3.51137256043,0
1.07475775621,-5.93157100613,0.811682845103,0.421211034322,7.16754242577,-4.9860571327,1
-5.23053334518,-0.0560510833526,0.721822061461,0.709715513467,-5.9590622636,2.57322836008,0
-6.08515724656,0.116156495086,0.00207959039099,0.256116520599,-7.11408732863,3.12969599459,0
-7.89090347717,2.5026795799,0.559130052376,0.20871864793,-11.5772185786,5.82246142351,0
-6.87827522948,1.86949276307,0.705660154178,0.148236126138,-9.77950927697,4.84125718704,0
-6.62573116829,-1.45702972344,0.264288956534,0.151898534593,-6.1625611201,2.22009329157,0
-5.70472773243,0.591693420742,0.316435809659,0.221814940328,-7.15213031304,3.29613393177,0
-3.38345109211,1.71336012256,0.597398857852,0.922163726512,-5.60432887849,2.97674563798,0
-3.08931073753,-0.446598917446,0.302794089729,0.226120021359,-3.10610843071,1.20970618068,0
-6.57521988641,0.658451469761,0.651736914284,0.642912068146,-8.21995433913,3.78144854553,0
-4.80561331798,-0.384507636727,0.0851478624767,0.28213754886,-5.14194767895,2.11442593144,0
-3.22669344642,-0.328181143867,0.615789275612,0.0193491010098,-3.38251631952,1.36721086531,0
-7.27105623612,1.90689920996,0.935880871577,0.792485587748,-10.2686138815,5.06570252553,0
3.21589904011,-11.2317854923,0.824948298185,0.198280577719,14.9300693885,-10.0317886393,1
-1.82726447683,-8.49213933579,0.251312306686,0.801764248322,6.39078518743,-5.45547226343,1
-4.94669227344,0.296255640222,0.814230576202,0.647675333613,-5.98495175468,2.69553786689,0
1.05346990571,-7.77906196311,0.389635336314,0.478487983254,8.99055235467,-6.36103142519,1
-6.04400523558,0.693091846408,0.0709374158396,0.750109509976,-7.64369786733,3.5418215026,0
-0.438327442377,-8.28443704966,0.890958045723,0.823649862311,7.78036049092,-5.99416406606,1
1.07802008136,-9.31035146972,0.817324014377,0.388206547945,10.5500745633,-7.52177364297,1
-6.52479704571,0.598774781656,0.405477989751,0.618152334259,-8.10229138422,3.71147960909,0
-4.22636302867,-0.337530440676,0.0257925149858,0.573830982456,-4.5227870423,1.86003368383,0
2.33556466412,-7.02930343119,0.0255453895609,0.152710984458,9.71520279493,-6.43975990545,1
-4.60365348436,-1.39624041245,0.232069806263,0.829821805521,-3.89796109456,1.25464643284,0
-4.60433764542,1.64401067068,0.658823219097,0.305952401119,-6.93899896291,3.53517682572,0
1.9677050665,-9.79456866985,0.212993496779,0.530550655976,12.0574294963,-8.32977903564,1
-0.585083893908,-7.90502394504,0.710265993068,0.935019123422,7.23217746705,-5.63622601183,1
2.22123337473,-7.4736918626,0.478598970154,0.0392086916368,10.0281102435,-6.71588558431,1
-6.72265869538,-0.199094429175,0.647285472781,0.163235607669,-7.53196307051,3.21200852581,0
-6.17456460325,1.14353984984,0.135374306166,0.38727525064,-8.24428914358,3.944937189,0
2.17246791665,-9.25719432088,0.588880620556,0.268109407533,11.755532425,-8.02912969899,1
-6.24674138114,-2.21794278083,0.641131052112,0.956092063503,-4.96580980748,1.45991360495,0
1.58328558599,-7.41131022832,0.684963755647,0.284110167923,9.2320886522,-6.35012546423,1
-4.03152922501,4.48447206138,0.345578391598,0.347508750911,-9.12073067014,5.37911865854,0
1.37331857728,-9.75421420548,0.0295673539327,0.192891281545,11.3335305694,-8.00231994276,1
-2.19462589083,-9.34617695805,0.163332183483,0.747899903414,6.8223571836,-5.91231977312,1
-2.8175051405,-1.22168986174,0.912843015271,0.249221759887,-2.01844104984,0.492485173948,0
-0.485159104937,-8.82126448719,0.969243790571,0.581070082745,8.26333151651,-6.37336881292,1
0.0720744871934,-7.84730858904,0.522282438304,0.490479187376,7.93019424931,-5.92151868538,1
0.0728179358834,-9.84016297169,0.918332255071,0.0307063238519,9.92390359796,-7.41653119671,1
-6.81323627258,2.55385660451,0.7579056566,0.540390144355,-10.389078318,5.32201058967,0
-1.0832016239,-8.23700350309,0.621569538494,0.59705533704,6.99132163561,-5.63615181537,1
-4.79782746538,0.0616500200453,0.210026740793,0.6925511465,-5.57915160524,2.44515124773,0
0.803055048858,-9.17508565313,0.8663222165,0.443241847686,10.0985989593,-7.28284176428,1
1.87944300028,-8.9470945934,0.492688447544,0.56082676633,11.1084540437,-7.65004244519,1
-7.35214288738,-0.470875513032,0.948135989314,0.0635038937882,-7.98408880746,3.32291480892,0
0.34589454015,-11.1660989573,0.675718490296,0.0978604506715,11.5638776785,-8.54752148805,1
-0.186545106439,-9.66417555515,0.126749413468,0.359976476383,9.44964868274,-7.15485911314,1
-7.03310875998,-0.74327437529,0.882585666124,0.333889017208,-7.34480069869,2.95909859852,0
0.453099031613,-7.8414204894,0.584755826976,0.555320793211,8.36248437576,-6.10761488286,1
-5.05250786852,-2.43584555716,0.295756811056,0.886759637321,-3.37453849164,0.699369766391,0
-4.88467629979,-2.46696374825,0.168413857429,0.504616324277,-3.15041399651,0.592115338707,0
-4.29201769408,0.00790698060889,0.964655121981,0.372333696136,-4.9437273288,2.15193908249,0
-0.85856631595,-8.91832257235,0.761621599427,0.882409372173,7.93097130901,-6.25945877129,1
2.21956396963,-11.1090193968,0.0459395737896,0.727725090819,13.6615179619,-9.44154653244,1
1.16442083111,-9.1122958806,0.399680749712,0.555333061799,10.4513798364,-7.41643232601,1
-3.54952547954,0.192623632683,0.519567512615,0.189379962962,-4.27457793415,1.91923046428,0
-7.86458292918,1.86044090331,0.312585199767,0.761655856704,-10.9047112719,5.32762214207,0
0.82869700664,-9.04021133628,0.187233111919,0.729276938403,9.99321289392,-7.19450700553,1
-3.02268008152,-0.495667813625,0.28404953279,0.233452930117,-2.98041428013,1.13958918054,0
0.438621936474,-8.73554330352,0.62346714358,0.425915112134,9.23995853046,-6.77096844588,1
2.97845886242,-9.75034425962,0.341500033295,0.122484703902,13.1755719514,-8.80198762593,1
1.70452940961,-5.8755348163,0.778192427664,0.407546863147,7.83574363736,-5.25891581703,1
-6.37203292989,3.41594501518,0.781176120347,0.287367393713,-10.7437828846,5.74797522633,0
-5.07058281343,3.47891902426,0.389212204871,0.933483939286,-9.31008925971,5.14448067491,0
-5.34300602924,0.398956615565,0.972768578259,0.269459407851,-6.54341354919,2.97072047629,0
-0.537444291493,-6.95536427236,0.678931357274,0.278651940042,6.33730333714,-4.94780105852,1
-1.31811734641,-9.09208644619,0.168674758424,0.160461259581,7.57625149782,-6.16000616144,1
3.94711616486,-9.74549471581,0.152481166842,0.126725413266,14.2846783054,-9.28267911929,1
-6.73940666254,-0.0364742271729,0.844973450501,0.219616455036,-7.71384343475,3.34234766089,0
0.193405966348,-8.30044013271,0.45626266802,0.582411664388,8.52285699401,-6.32203308271,1
-4.73498718012,1.23159441646,0.32934583141,0.761758245605,-6.67682967359,3.2911894024,0
-5.87757332415,0.763157342642,0.847456869895,0.0532276207388,-7.52236666541,3.51115466906,0
-6.86760011552,1.21163161133,0.0442652561219,0.850113226729,-9.10937174418,4.34252376626,0
-5.01486307056,0.267785019515,0.103808399636,0.0934935613679,-6.03487755065,2.70827029991,0
-5.55954054687,1.810177554,0.580439182902,0.858575559387,-8.2036491829,4.13740343894,0
1.22894508274,-10.1367764952,0.930122349635,0.680137956889,11.5500633403,-8.21705491277,1
-4.55914811516,-1.95033498283,0.038430153739,0.266293880805,-3.2926853496,0.816822820456,0
2.01282026938,-8.82558388873,0.161627440412,0.148230385423,11.1403271985,-7.62559805123,1
-3.31634391117,-1.27989629825,0.352886875207,0.24391587188,-2.53389919959,0.698249731894,0
1.15876424905,-10.5275840983,0.612687849374,0.0580215062938,11.8601629847,-8.47507019822,1
0.123362330915,-10.3353192577,0.773633390145,0.087445720194,10.4771859382,-7.81317060871,1
-6.62837503526,2.745002836,0.261114278225,0.74650781183,-10.3676341266,5.37293964463,0
1.0632460332,-7.51923216001,0.355105353604,0.173414228528,8.74196509818,-6.1710471366,1
-5.98589878326,-0.942950939795,0.722223989542,0.502440668819,-5.94083266096,2.28573618678,0
-4.37487106453,-0.835620518299,0.910209357949,0.183474414095,-4.19548120591,1.56072014354,0
1.67208625368,-7.39869670165,0.0291872988531,0.123073699344,9.32159589338,-6.38506565308,1
-3.62386321334,2.08288861507,0.384516193893,0.767473010048,-6.25033131041,3.37409806797,0
-4.71118096804,0.338584624945,0.848952409566,0.0678524015694,-5.75644273819,2.60952895273,0
-6.59548649546,-0.791266400076,0.557813058601,0.592266445617,-6.7935430697,2.70429344767,0
-5.95264394192,-0.0767661747757,0.187117083266,0.827028768067,-6.76877435843,2.91874733988,0
0.135171377258,-9.48986927377,0.225273100938,0.544107586556,9.64531635761,-7.18498764395,1
2.13562950215,-8.89624542165,0.948515728458,0.902653692824,11.3522193491,-7.73999881731,1
-6.49529789777,-0.28236286213,0.195654317886,0.728392086795,-7.18722972031,3.03587680229,0
-1.19526219242,-10.2493201236,0.910293389203,0.865836615734,8.87476860229,-7.08935899647,1
2.23793775845,-11.1454762147,0.437621935708,0.495542127452,13.7191046369,-9.47807604026,1
-3.57125132454,1.82904794117,0.866692748752,0.678024530719,-5.9359869644,3.15741161815,0
-7.57607734007,0.434859981214,0.655829090216,0.175796262595,-9.14734892229,4.11418365595,0
-4.2705851669,-2.06101028863,0.0579386961653,0.240080336133,-2.8501626533,0.589534866979,0
1.47572207092,-7.24967297286,0.922638999262,0.82668308313,8.94675335442,-6.17511576511,1
-2.40937568601,-8.79074747355,0.665417347762,0.145637474506,6.01996543463,-5.38837276216,1
0.363760304987,-5.91873884167,0.772054066511,0.36417507088,6.33706319241,-4.62093428375,1
-2.7302442162,-1.51564137718,0.779629651985,0.27280199356,-1.62413947144,0.22839107521,0
-7.30711995887,-0.591593287392,0.348995089704,0.0368164804534,-7.8115946653,3.20986501389,0
-2.10761621292,0.642570033431,0.182536573706,0.18178172441,-3.06632867829,1.53573563153,0
-3.30137116886,1.90046061233,0.801472724206,0.902563318917,-5.69703745652,3.07603104368,0
-4.85153571461,-1.10027540857,0.846127247436,0.144482068548,-4.47899066323,1.60056130088,0
0.0246873981582,-10.2744710677,0.52030999906,0.170894929523,10.3028615756,-7.71819699984,1
-0.396426564454,-9.72448236212,0.57707618709,0.581228136489,9.268591813,-7.09514848936,1
2.02748413509,-9.60966485595,0.0717120496735,0.613792092935,11.9412716113,-8.2209907095,1
-6.42448759396,0.15017911797,0.154792677372,0.964054074419,-7.53833985103,3.32487813546,0
-7.13753691661,0.883532370344,0.336670383673,0.0858852818692,-9.09169982444,4.23141773606,0
-3.8972749476,-0.494289591142,0.335678335455,0.204827076922,-3.9875765986,1.57792028044,0
3.47879539027,-10.7210426152,0.853435009159,0.0770199618509,14.721657314,-9.78017965651,1
-5.4212662105,-0.517783904441,0.33486418365,0.987221466085,-5.71667223763,2.32229517692,0
-6.3558310914,0.141494359977,0.66531490124,0.472586829821,-7.45070011509,3.28403631568,0
-2.94823257031,3.25410542642,0.770490806026,0.0256296657955,-6.64457288228,3.91469535497,0
2.48492217915,-9.46420715997,0.288154609105,0.966743679905,12.321867666,-8.34061645955,1
-5.60298662039,0.542668252406,0.57672813956,0.280182751609,-6.98610286586,3.2084944995,0
-5.940547781,-1.71431217974,0.739979032247,0.688449246128,-5.11731776842,1.6845397557,0
-7.14420014189,1.06566632237,0.701032694719,0.315468083708,-9.28149648555,4.37134981273,0
3.41817277607,-10.3012422917,0.745395254838,0.313868111988,14.2321409841,-9.43501810679,1
-5.83637558598,-0.838098530399,0.903345634005,0.302831035082,-5.87373339348,2.28961389519,0
2.31171623293,-9.69570471208,0.197690720871,0.798104560091,12.35417838,-8.42763665053,1
1.39114724917,-9.78541253277,0.119419084055,0.417780140385,11.3852318693,-8.03463302416,1
1.12978159996,-5.97494860779,0.650793871753,0.677457552098,7.27419744774,-5.04610225582,1
-6.64695672758,0.508296543863,0.437249990433,0.627239644656,-8.15229678058,3.70470077169,0
5.30773852561,-8.73003594345,0.742322624829,0.311343102028,14.8339352479,-9.20139622039,1
-6.39673436489,0.567640377055,0.446998608307,0.750192803146,-7.92388489668,3.62409746524,0
-1.99903689603,-8.58563032065,0.590641506743,0.808184927269,6.28673789022,-5.43970429248,1
-6.70588702586,-0.270876642526,0.682509036391,0.535765913005,-7.44089343721,3.14978603104,0
-5.41061375347,-2.69659802477,0.911517143252,0.552682806142,-3.52560779172,0.682858358158,0
-4.6308639482,1.12629665679,0.750738746928,0.723516263603,-6.45179019722,3.16015446669,0
2.66194384721,-8.95251282158,0.256466480862,0.783085171599,12.0137482459,-8.04535653979,1
-7.10307702254,0.0957115262314,0.186346869161,0.767896946265,-8.26425010216,3.62332215594,0
-5.15978935361,-1.47120100221,0.758706167586,0.168891157475,-4.46255675444,1.47649392514,0
-0.466517351288,-9.58466680296,0.388809315277,0.416995511206,9.04817184898,-6.95524142657,1
-6.94796392439,2.23211076284,0.669753984699,0.72823874174,-10.2222692759,5.14806503432,0
1.74231345631,-10.250465512,0.120328747122,0.0100871414088,12.2541259867,-8.55900586212,1
1.61547912368,-10.5668173679,0.278237955031,0.74915393883,12.4246183602,-8.73285258778,1
-3.64455749828,-2.4274194474,0.104575289678,0.0360920871339,-1.76382167563,0.00171416359259,0
1.95528332457,-11.1568062298,0.00966471786624,0.622190266401,13.405382053,-9.34524633462,1
-5.41106187353,-0.863063647817,0.613656549167,0.414938741114,-5.35965750674,2.0582332009,0
-4.35584573706,-0.977419009107,0.262550098105,0.207057988522,-4.03180358851,1.4448586117,0
-6.57390876906,0.218242917906,0.3115722318,0.569955340479,-7.77823800232,3.45063657296,0
1.85817537642,-10.3137818939,0.116996051322,0.0553545476317,12.4506835768,-8.66442410867,1
-7.05235513046,1.4568086239,0.43910325539,0.375695204976,-9.56701702393,4.61878403316,0
2.8123634881,-7.91012999395,0.496210117613,0.23404762762,11.1443480053,-7.33877923951,1
-0.211975254946,-9.76982482797,0.0997219145566,0.246638969122,9.52605328478,-7.22138099351,1
-4.20545733952,0.688782033191,0.498697330613,0.893637754202,-5.52505797364,2.61931519465,0
-3.43243704762,0.548133331744,0.275076716371,0.700087577314,-4.49543593651,2.12731852262,0
-6.31627375775,1.01045530746,0.975849810806,0.281669123468,-8.27417012888,3.91597835947,0
-7.83274077391,-0.345428013554,0.794082066973,0.694371528682,-8.66222387644,3.65729937679,0
1.61908983751,-4.62782026555,0.845951480438,0.577492798909,6.48977357869,-4.28041011792,1
3.89163169651,-9.02265132289,0.530031080588,0.613198753838,13.4980277739,-8.71280434042,1
-0.42996577983,-6.3420150088,0.111945668933,0.611834585565,5.84755436199,-4.54152836668,1
-6.63964964224,2.83379896447,0.759720900001,0.201263839888,-10.469396053,5.44517404447,0
2.25163577349,-6.65383170474,0.558547959094,0.251687065502,9.24321284425,-6.1161916653,1
-5.28682320621,0.844185199625,0.0966885958285,0.878597846591,-6.92403188677,3.27655050283,0
0.58037828941,-8.78345648552,0.605188156265,0.890990352141,9.45089151835,-6.87778150885,1
-4.72438719856,0.0345907667198,0.474667899102,0.941810241586,-5.46763604506,2.38813667432,0
1.54200035023,-10.4197003095,0.319383173113,0.529849039075,12.1930007123,-8.58577540727,1
-6.02330684851,-0.360693095218,0.565444626868,0.89203674492,-6.56610978057,2.74113360284,0
-5.54684258632,1.52111892491,0.78509303296,0.883811869337,-7.89998789918,3.91426048684,0
-6.79328488677,-1.05926595318,0.718852278604,0.684623621615,-6.7530116666,2.6021929785,0
-1.24975834574,-9.22786334073,0.11846358778,0.466780567984,7.79064124313,-6.29601833268,1
